{
	"Sending Application": "Lab1 1234 CLIA",
	"Id" : 1111,
	"Provider": {
		"ID": 87456,
		"Name": "Jon Duke",
		"Phone": "(123)-456-7890",
		"Fax": "(678)-123-4567",
		"Email": "Jon.Duke@icl.gtri.gatech.edu",
		"Facility": "GATECH Labs",
		"Address": "North Ave NW, Atlanta GA",
		"Country": "United States"
	},
	"Facility": {
		"ID": 34223,
		"Name": "Gatech Labs",
		"Phone": "(770)-234-5768",
		"Address": "North Ave NW, Atlanta GA 30340",
		"Fax": "(678)-123-4567",
		"Hospital Unit": "Sexual health"
	},
	"Patient": {
		"ID": "104756",
		"Name": {
			"given": "Andre",
			"family": "Anderson"
		},
		"Parents_Guardians": [{
				"Name": {
					"given": "Beatrice",
					"family": "Anderson"
				},
				"Phone": "(770)-345-6789",
				"Email": "BAnderson@yahoo.com"
			},
			{
				"Name": {
					"given": "Charlie",
					"family": "Anderson"
				},
				"Phone": "(770)-555-5555",
				"Email": "CAnderson@gmail.com"
			}
		],
		"Street_Address": "1600 North Decatur Rd, Decatur GA 30034",
		"Birth_Date": "06-03-98",
		"Sex": "Male",
		"PatientClass": "Clinical",
		"Race": {
			"Code": "2345",
			"System": "ICD9",
			"Display": "White"
		},
		"Ethnicity": {
			"Code": "1234",
			"System": "ICD9",
			"Display": "Not Hispanic Or Latino"
		},
		"Preferred_Language": {
			"Code": "2345",
			"System": "ICD9",
			"Display": "English"
		},
		"Occupation": "Student",
		"Pregnant": false,
		"Insurance_Type": {
			"Code": "DISEASEPRG",
			"System": "2.16.840.1.113883.4.642.3.514"
		},
		"Immunization_History": [{
				"Code": "83",
				"System": "2.16.840.1.113883.3.88.12.80.22",
				"Date": "06-03-94"
			},
			{
				"Code": "08",
				"System": "2.16.840.1.113883.3.88.12.80.22",
				"Date": "08-17-95"
			}
		],
		"Visit_DateTime": "08-18-2018",
		"Admission_DateTime": "08-17-2018",
		"Date_of_Onset": "06-01-2018",
		"Symptoms": [{
			"Code": "2526004",
			"System": "2.16.840.1.113883.4.642.3.256",
			"Display": "A Cold"
		}],
		"Lab_Order_Code": "10351-5",
		"Diagnosis": {
			"Code": "192008",
			"System": "SNOMED",
			"Display": "Syphillus",
			"Date": "08-26-18"
		},
		"Medication_Provided": [{
			"Code": "14532-9",
			"System": "SNOMED-CT",
			"Display": "Liperadol",
			"Dosage": {
				"Value": 15.0,
				"Unit": "mg"
			},
			"Date": "08-26-16",
			"Frequency": "Daily"
		}],
		"Date_Discharged": "08-26-2018",
		"Laboratory_Results": {
			"Code": "63938009",
			"System": "SNOMED CT",
			"Display": "Stool Sample",
			"Date": "08-23-2018"
		},
		"Trigger_Code": [{
			"Code": "787.91",
			"System": "ICD9",
			"Display": "Giocchial Brocitus"
		}],
		"Lab_Tests_Performed": [{
			"Code": "3026200005",
			"ResultStatus": false
		}]
	}
}